Name,Address,Email,Phone Number
Alan Woods,"30211 Serrano Valleys Suite 011
Lake Lauramouth, HI 80107",fsmith@example.org,(374)925-2859
Mark Turner,"2644 Wright Meadows
Holmesside, NH 69876",robertmeyers@example.org,219.462.8657
Pamela Woodward,"7461 Davis Lock
Hughesside, PR 85861",martinwalker@example.com,+1-294-514-1093x52485
Melinda Conrad,"88006 Elliott Burg
Port Dianamouth, TN 94870",brendaparker@example.org,(679)296-6316x62062
Tyler Brown,"51716 Miller Trafficway
South Michael, DC 09878",knappdennis@example.org,+1-681-504-8886x637
Kevin Bridges,"78203 Fitzpatrick Center Suite 722
Port Anthony, KY 40295",markchapman@example.net,001-627-843-7445x87732
Mathew Donaldson,"137 Everett Mission
Harrisport, ND 61569",thomasmelendez@example.net,599-596-1298x61737
Eugene Golden,"369 Stevenson Walk
New Rebeccaport, MA 08470",vparker@example.com,+1-886-413-7774x81114
Robert Reese,"434 Shannon Shores Suite 875
South Jameston, MD 02265",ronald02@example.com,379-937-6423x25360
Steve Pollard,"Unit 1209 Box 7834
DPO AE 28296",samanthapowell@example.org,(302)237-2954x271
Elizabeth Garcia,"6528 Brian Parkway Apt. 442
Lake Heather, NE 59797",matthew74@example.net,434-308-5770x9857
Casey Richardson,"79003 Erica Dam Apt. 092
Ryanville, CO 11487",brenda04@example.org,368.808.9684x14613
Erica Martin,"4167 Gonzales Ford Suite 259
South Karl, IA 36299",kherring@example.com,(482)894-1205x99793
Jamie James,"12456 Bradley Estates
Colonshire, MO 09672",tamara74@example.org,566-552-2782x1173
Randy Hughes,"276 Gonzalez Corner Apt. 413
Port Stephanie, AR 65890",gsimmons@example.com,001-296-704-7847x29385
